<?xml version="1.0" encoding="utf-8"?><feed xmlns="http://www.w3.org/2005/Atom" xml:lang="en"><generator uri="https://jekyllrb.com/" version="4.3.2">Jekyll</generator><link href="http://localhost:4000/feed.xml" rel="self" type="application/atom+xml" /><link href="http://localhost:4000/" rel="alternate" type="text/html" hreflang="en" /><updated>2023-08-30T16:57:11-05:00</updated><id>http://localhost:4000/feed.xml</id><title type="html">blank</title><subtitle>A simple, whitespace theme for academics. Based on [*folio](https://github.com/bogoli/-folio) design.
</subtitle><entry><title type="html">a post with bibliography</title><link href="http://localhost:4000/blog/2023/post-bibliography/" rel="alternate" type="text/html" title="a post with bibliography" /><published>2023-07-12T08:56:00-05:00</published><updated>2023-07-12T08:56:00-05:00</updated><id>http://localhost:4000/blog/2023/post-bibliography</id><content type="html" xml:base="http://localhost:4000/blog/2023/post-bibliography/"><![CDATA[<p>This post shows how to add bibliography to simple blog posts. If you would like something more academic, check the <a href="/blog/2021/distill/">distill style post</a>.</p>]]></content><author><name></name></author><category term="sample-posts" /><category term="formatting" /><category term="bib" /><summary type="html"><![CDATA[an example of a blog post with bibliography]]></summary></entry><entry><title type="html">a post with jupyter notebook</title><link href="http://localhost:4000/blog/2023/jupyter-notebook/" rel="alternate" type="text/html" title="a post with jupyter notebook" /><published>2023-07-04T07:57:00-05:00</published><updated>2023-07-04T07:57:00-05:00</updated><id>http://localhost:4000/blog/2023/jupyter-notebook</id><content type="html" xml:base="http://localhost:4000/blog/2023/jupyter-notebook/"><![CDATA[<p>To include a jupyter notebook in a post, you can use the following code:</p>

<div class="language-html highlighter-rouge"><div class="highlight"><pre class="highlight"><code>{::nomarkdown}
{% assign jupyter_path = "assets/jupyter/blog.ipynb" | relative_url %}
{% capture notebook_exists %}{% file_exists assets/jupyter/blog.ipynb %}{% endcapture %}
{% if notebook_exists == "true" %}
    {% jupyter_notebook jupyter_path %}
{% else %}
    <span class="nt">&lt;p&gt;</span>Sorry, the notebook you are looking for does not exist.<span class="nt">&lt;/p&gt;</span>
{% endif %}
{:/nomarkdown}
</code></pre></div></div>

<p>Let’s break it down: this is possible thanks to <a href="https://github.com/red-data-tools/jekyll-jupyter-notebook">Jekyll Jupyter Notebook plugin</a> that allows you to embed jupyter notebooks in your posts. It basically calls <a href="https://nbconvert.readthedocs.io/en/latest/usage.html#convert-html"><code class="language-plaintext highlighter-rouge">jupyter nbconvert --to html</code></a> to convert the notebook to an html page and then includes it in the post. Since <a href="https://jekyllrb.com/docs/configuration/markdown/">Kramdown</a> is the default Markdown renderer for Jekyll, we need to surround the call to the plugin with the <a href="https://kramdown.gettalong.org/syntax.html#extensions">::nomarkdown</a> tag so that it stops processing this part with Kramdown and outputs the content as-is.</p>

<p>The plugin takes as input the path to the notebook, but it assumes the file exists. If you want to check if the file exists before calling the plugin, you can use the <code class="language-plaintext highlighter-rouge">file_exists</code> filter. This avoids getting a 404 error from the plugin and ending up displaying the main page inside of it instead. If the file does not exist, you can output a message to the user. The code displayed above outputs the following:</p>




    <div
  class="jupyter-notebook"
  style="position: relative; width: 100%; margin: 0 auto;">
  <div class="jupyter-notebook-iframe-container">
    <iframe
      src="/assets/jupyter/blog.ipynb.html"
      style="position: absolute; top: 0; left: 0; border-style: none;"
      width="100%"
      height="100%"
      onload="this.parentElement.style.paddingBottom = (this.contentWindow.document.documentElement.scrollHeight + 10) + 'px'"></iframe>
  </div>
</div>



<p>Note that the jupyter notebook supports both light and dark themes.</p>]]></content><author><name></name></author><category term="sample-posts" /><category term="formatting" /><category term="jupyter" /><summary type="html"><![CDATA[an example of a blog post with jupyter notebook]]></summary></entry><entry><title type="html">a post with custom blockquotes</title><link href="http://localhost:4000/blog/2023/custom-blockquotes/" rel="alternate" type="text/html" title="a post with custom blockquotes" /><published>2023-05-12T14:53:00-05:00</published><updated>2023-05-12T14:53:00-05:00</updated><id>http://localhost:4000/blog/2023/custom-blockquotes</id><content type="html" xml:base="http://localhost:4000/blog/2023/custom-blockquotes/"><![CDATA[<p>This post shows how to add custom styles for blockquotes. Based on <a href="https://github.com/sighingnow/jekyll-gitbook">jekyll-gitbook</a> implementation.</p>

<p>We decided to support the same custom blockquotes as in <a href="https://sighingnow.github.io/jekyll-gitbook/jekyll/2022-06-30-tips_warnings_dangers.html">jekyll-gitbook</a>, which are also found in a lot of other sites’ styles. The styles definitions can be found on the <a href="https://github.com/alshedivat/al-folio/blob/master/_sass/_base.scss">_base.scss</a> file, more specifically:</p>

<div class="language-scss highlighter-rouge"><div class="highlight"><pre class="highlight"><code><span class="cm">/* Tips, warnings, and dangers */</span>
<span class="nc">.post</span> <span class="nc">.post-content</span> <span class="nt">blockquote</span> <span class="p">{</span>
    <span class="k">&amp;</span><span class="nc">.block-tip</span> <span class="p">{</span>
    <span class="nl">border-color</span><span class="p">:</span> <span class="nf">var</span><span class="p">(</span><span class="o">--</span><span class="n">global-tip-block</span><span class="p">);</span>
    <span class="nl">background-color</span><span class="p">:</span> <span class="nf">var</span><span class="p">(</span><span class="o">--</span><span class="n">global-tip-block-bg</span><span class="p">);</span>

    <span class="nt">p</span> <span class="p">{</span>
      <span class="nl">color</span><span class="p">:</span> <span class="nf">var</span><span class="p">(</span><span class="o">--</span><span class="n">global-tip-block-text</span><span class="p">);</span>
    <span class="p">}</span>

    <span class="nt">h1</span><span class="o">,</span> <span class="nt">h2</span><span class="o">,</span> <span class="nt">h3</span><span class="o">,</span> <span class="nt">h4</span><span class="o">,</span> <span class="nt">h5</span><span class="o">,</span> <span class="nt">h6</span> <span class="p">{</span>
      <span class="nl">color</span><span class="p">:</span> <span class="nf">var</span><span class="p">(</span><span class="o">--</span><span class="n">global-tip-block-title</span><span class="p">);</span>
    <span class="p">}</span>
  <span class="p">}</span>

  <span class="k">&amp;</span><span class="nc">.block-warning</span> <span class="p">{</span>
    <span class="nl">border-color</span><span class="p">:</span> <span class="nf">var</span><span class="p">(</span><span class="o">--</span><span class="n">global-warning-block</span><span class="p">);</span>
    <span class="nl">background-color</span><span class="p">:</span> <span class="nf">var</span><span class="p">(</span><span class="o">--</span><span class="n">global-warning-block-bg</span><span class="p">);</span>

    <span class="nt">p</span> <span class="p">{</span>
      <span class="nl">color</span><span class="p">:</span> <span class="nf">var</span><span class="p">(</span><span class="o">--</span><span class="n">global-warning-block-text</span><span class="p">);</span>
    <span class="p">}</span>

    <span class="nt">h1</span><span class="o">,</span> <span class="nt">h2</span><span class="o">,</span> <span class="nt">h3</span><span class="o">,</span> <span class="nt">h4</span><span class="o">,</span> <span class="nt">h5</span><span class="o">,</span> <span class="nt">h6</span> <span class="p">{</span>
      <span class="nl">color</span><span class="p">:</span> <span class="nf">var</span><span class="p">(</span><span class="o">--</span><span class="n">global-warning-block-title</span><span class="p">);</span>
    <span class="p">}</span>
  <span class="p">}</span>

  <span class="k">&amp;</span><span class="nc">.block-danger</span> <span class="p">{</span>
    <span class="nl">border-color</span><span class="p">:</span> <span class="nf">var</span><span class="p">(</span><span class="o">--</span><span class="n">global-danger-block</span><span class="p">);</span>
    <span class="nl">background-color</span><span class="p">:</span> <span class="nf">var</span><span class="p">(</span><span class="o">--</span><span class="n">global-danger-block-bg</span><span class="p">);</span>

    <span class="nt">p</span> <span class="p">{</span>
      <span class="nl">color</span><span class="p">:</span> <span class="nf">var</span><span class="p">(</span><span class="o">--</span><span class="n">global-danger-block-text</span><span class="p">);</span>
    <span class="p">}</span>

    <span class="nt">h1</span><span class="o">,</span> <span class="nt">h2</span><span class="o">,</span> <span class="nt">h3</span><span class="o">,</span> <span class="nt">h4</span><span class="o">,</span> <span class="nt">h5</span><span class="o">,</span> <span class="nt">h6</span> <span class="p">{</span>
      <span class="nl">color</span><span class="p">:</span> <span class="nf">var</span><span class="p">(</span><span class="o">--</span><span class="n">global-danger-block-title</span><span class="p">);</span>
    <span class="p">}</span>
  <span class="p">}</span>
<span class="p">}</span>
</code></pre></div></div>

<p>A regular blockquote can be used as following:</p>

<div class="language-markdown highlighter-rouge"><div class="highlight"><pre class="highlight"><code><span class="gt">&gt; This is a regular blockquote</span>
<span class="gt">&gt; and it can be used as usual</span>
</code></pre></div></div>

<blockquote>
  <p>This is a regular blockquote
and it can be used as usual</p>
</blockquote>

<p>These custom styles can be used by adding the specific class to the blockquote, as follows:</p>

<div class="language-markdown highlighter-rouge"><div class="highlight"><pre class="highlight"><code><span class="gt">&gt; ##### TIP</span>
<span class="gt">&gt;</span>
<span class="gt">&gt; A tip can be used when you want to give advice</span>
<span class="gt">&gt; related to a certain content.</span>
{: .block-tip }
</code></pre></div></div>

<blockquote class="block-tip">
  <h5 id="tip">TIP</h5>

  <p>A tip can be used when you want to give advice
related to a certain content.</p>
</blockquote>

<div class="language-markdown highlighter-rouge"><div class="highlight"><pre class="highlight"><code><span class="gt">&gt; ##### WARNING</span>
<span class="gt">&gt;</span>
<span class="gt">&gt; This is a warning, and thus should</span>
<span class="gt">&gt; be used when you want to warn the user</span>
{: .block-warning }
</code></pre></div></div>

<blockquote class="block-warning">
  <h5 id="warning">WARNING</h5>

  <p>This is a warning, and thus should
be used when you want to warn the user</p>
</blockquote>

<div class="language-markdown highlighter-rouge"><div class="highlight"><pre class="highlight"><code><span class="gt">&gt; ##### DANGER</span>
<span class="gt">&gt;</span>
<span class="gt">&gt; This is a danger zone, and thus should</span>
<span class="gt">&gt; be used carefully</span>
{: .block-danger }
</code></pre></div></div>

<blockquote class="block-danger">
  <h5 id="danger">DANGER</h5>

  <p>This is a danger zone, and thus should
be used carefully</p>
</blockquote>]]></content><author><name></name></author><category term="sample-posts" /><category term="formatting" /><category term="blockquotes" /><summary type="html"><![CDATA[an example of a blog post with custom blockquotes]]></summary></entry><entry><title type="html">a post with table of contents on a sidebar</title><link href="http://localhost:4000/blog/2023/sidebar-table-of-contents/" rel="alternate" type="text/html" title="a post with table of contents on a sidebar" /><published>2023-04-25T09:14:00-05:00</published><updated>2023-04-25T09:14:00-05:00</updated><id>http://localhost:4000/blog/2023/sidebar-table-of-contents</id><content type="html" xml:base="http://localhost:4000/blog/2023/sidebar-table-of-contents/"><![CDATA[<p>This post shows how to add a table of contents as a sidebar.</p>

<h2 id="adding-a-table-of-contents">Adding a Table of Contents</h2>

<p>To add a table of contents to a post as a sidebar, simply add</p>
<div class="language-yml highlighter-rouge"><div class="highlight"><pre class="highlight"><code><span class="na">toc</span><span class="pi">:</span>
  <span class="na">sidebar</span><span class="pi">:</span> <span class="s">left</span>
</code></pre></div></div>
<p>to the front matter of the post. The table of contents will be automatically generated from the headings in the post. If you wish to display the sidebar to the right, simply change <code class="language-plaintext highlighter-rouge">left</code> to <code class="language-plaintext highlighter-rouge">right</code>.</p>

<h3 id="example-of-sub-heading-1">Example of Sub-Heading 1</h3>

<p>Jean shorts raw denim Vice normcore, art party High Life PBR skateboard stumptown vinyl kitsch. Four loko meh 8-bit, tousled banh mi tilde forage Schlitz dreamcatcher twee 3 wolf moon. Chambray asymmetrical paleo salvia, sartorial umami four loko master cleanse drinking vinegar brunch. <a href="https://www.pinterest.com">Pinterest</a> DIY authentic Schlitz, hoodie Intelligentsia butcher trust fund brunch shabby chic Kickstarter forage flexitarian. Direct trade <a href="https://en.wikipedia.org/wiki/Cold-pressed_juice">cold-pressed</a> meggings stumptown plaid, pop-up taxidermy. Hoodie XOXO fingerstache scenester Echo Park. Plaid ugh Wes Anderson, freegan pug selvage fanny pack leggings pickled food truck DIY irony Banksy.</p>

<h3 id="example-of-another-sub-heading-1">Example of another Sub-Heading 1</h3>

<p>Jean shorts raw denim Vice normcore, art party High Life PBR skateboard stumptown vinyl kitsch. Four loko meh 8-bit, tousled banh mi tilde forage Schlitz dreamcatcher twee 3 wolf moon. Chambray asymmetrical paleo salvia, sartorial umami four loko master cleanse drinking vinegar brunch. <a href="https://www.pinterest.com">Pinterest</a> DIY authentic Schlitz, hoodie Intelligentsia butcher trust fund brunch shabby chic Kickstarter forage flexitarian. Direct trade <a href="https://en.wikipedia.org/wiki/Cold-pressed_juice">cold-pressed</a> meggings stumptown plaid, pop-up taxidermy. Hoodie XOXO fingerstache scenester Echo Park. Plaid ugh Wes Anderson, freegan pug selvage fanny pack leggings pickled food truck DIY irony Banksy.</p>

<h2 data-toc-text="Customizing" id="customizing-your-table-of-contents">Customizing Your Table of Contents</h2>

<p>If you want to learn more about how to customize the table of contents of your sidebar, you can check the <a href="https://afeld.github.io/bootstrap-toc/">bootstrap-toc</a> documentation. Notice that you can even customize the text of the heading that will be displayed on the sidebar.</p>

<h3 id="example-of-sub-heading-2">Example of Sub-Heading 2</h3>

<p>Jean shorts raw denim Vice normcore, art party High Life PBR skateboard stumptown vinyl kitsch. Four loko meh 8-bit, tousled banh mi tilde forage Schlitz dreamcatcher twee 3 wolf moon. Chambray asymmetrical paleo salvia, sartorial umami four loko master cleanse drinking vinegar brunch. <a href="https://www.pinterest.com">Pinterest</a> DIY authentic Schlitz, hoodie Intelligentsia butcher trust fund brunch shabby chic Kickstarter forage flexitarian. Direct trade <a href="https://en.wikipedia.org/wiki/Cold-pressed_juice">cold-pressed</a> meggings stumptown plaid, pop-up taxidermy. Hoodie XOXO fingerstache scenester Echo Park. Plaid ugh Wes Anderson, freegan pug selvage fanny pack leggings pickled food truck DIY irony Banksy.</p>

<h3 id="example-of-another-sub-heading-2">Example of another Sub-Heading 2</h3>

<p>Jean shorts raw denim Vice normcore, art party High Life PBR skateboard stumptown vinyl kitsch. Four loko meh 8-bit, tousled banh mi tilde forage Schlitz dreamcatcher twee 3 wolf moon. Chambray asymmetrical paleo salvia, sartorial umami four loko master cleanse drinking vinegar brunch. <a href="https://www.pinterest.com">Pinterest</a> DIY authentic Schlitz, hoodie Intelligentsia butcher trust fund brunch shabby chic Kickstarter forage flexitarian. Direct trade <a href="https://en.wikipedia.org/wiki/Cold-pressed_juice">cold-pressed</a> meggings stumptown plaid, pop-up taxidermy. Hoodie XOXO fingerstache scenester Echo Park. Plaid ugh Wes Anderson, freegan pug selvage fanny pack leggings pickled food truck DIY irony Banksy.</p>]]></content><author><name></name></author><category term="sample-posts" /><category term="formatting" /><category term="toc" /><category term="sidebar" /><summary type="html"><![CDATA[an example of a blog post with table of contents on a sidebar]]></summary></entry><entry><title type="html">a post with audios</title><link href="http://localhost:4000/blog/2023/audios/" rel="alternate" type="text/html" title="a post with audios" /><published>2023-04-25T05:25:00-05:00</published><updated>2023-04-25T05:25:00-05:00</updated><id>http://localhost:4000/blog/2023/audios</id><content type="html" xml:base="http://localhost:4000/blog/2023/audios/"><![CDATA[<p>This is an example post with audios. It supports local audio files.</p>

<div class="row mt-3">
    <div class="col-sm mt-3 mt-md-0">
        <figure>

  <audio src="/assets/audio/epicaly-short-113909.mp3" controls="" />

</figure>

    </div>
    <div class="col-sm mt-3 mt-md-0">
        <figure>

  <audio src="https://cdn.pixabay.com/download/audio/2022/06/25/audio_69a61cd6d6.mp3" controls="" />

</figure>

    </div>
</div>
<div class="caption">
    A simple, elegant caption looks good between video rows, after each row, or doesn't have to be there at all.
</div>]]></content><author><name></name></author><category term="sample-posts" /><category term="formatting" /><category term="audios" /><summary type="html"><![CDATA[this is what included audios could look like]]></summary></entry><entry><title type="html">a post with videos</title><link href="http://localhost:4000/blog/2023/videos/" rel="alternate" type="text/html" title="a post with videos" /><published>2023-04-24T16:01:00-05:00</published><updated>2023-04-24T16:01:00-05:00</updated><id>http://localhost:4000/blog/2023/videos</id><content type="html" xml:base="http://localhost:4000/blog/2023/videos/"><![CDATA[<p>This is an example post with videos. It supports local video files.</p>

<div class="row mt-3">
    <div class="col-sm mt-3 mt-md-0">
        

<figure>

  

  <video src="/assets/video/pexels-engin-akyurt-6069112-960x540-30fps.mp4" class="img-fluid rounded z-depth-1" width="auto" height="auto" autoplay="" controls="" />

  

</figure>

    </div>
    <div class="col-sm mt-3 mt-md-0">
        

<figure>

  

  <video src="/assets/video/pexels-engin-akyurt-6069112-960x540-30fps.mp4" class="img-fluid rounded z-depth-1" width="auto" height="auto" controls="" />

  

</figure>

    </div>
</div>
<div class="caption">
    A simple, elegant caption looks good between video rows, after each row, or doesn't have to be there at all.
</div>

<p>It does also support embedding videos from different sources. Here are some examples:</p>

<div class="row mt-3">
    <div class="col-sm mt-3 mt-md-0">
        

<figure>

  

  <iframe src="https://www.youtube.com/embed/jNQXAC9IVRw" class="img-fluid rounded z-depth-1" frameborder="0" allow="accelerometer; autoplay; clipboard-write; encrypted-media; gyroscope; picture-in-picture; web-share" allowfullscreen="" width="auto" height="auto" />

  

</figure>

    </div>
    <div class="col-sm mt-3 mt-md-0">
        

<figure>

  

  <iframe src="https://player.vimeo.com/video/524933864?h=1ac4fd9fb4&amp;title=0&amp;byline=0&amp;portrait=0" class="img-fluid rounded z-depth-1" frameborder="0" allow="accelerometer; autoplay; clipboard-write; encrypted-media; gyroscope; picture-in-picture; web-share" allowfullscreen="" width="auto" height="auto" />

  

</figure>

    </div>
</div>]]></content><author><name></name></author><category term="sample-posts" /><category term="formatting" /><category term="videos" /><summary type="html"><![CDATA[this is what included videos could look like]]></summary></entry><entry><title type="html">displaying beautiful tables with Bootstrap Tables</title><link href="http://localhost:4000/blog/2023/tables/" rel="alternate" type="text/html" title="displaying beautiful tables with Bootstrap Tables" /><published>2023-03-20T13:37:00-05:00</published><updated>2023-03-20T13:37:00-05:00</updated><id>http://localhost:4000/blog/2023/tables</id><content type="html" xml:base="http://localhost:4000/blog/2023/tables/"><![CDATA[<p>Using markdown to display tables is easy. Just use the following syntax:</p>

<div class="language-markdown highlighter-rouge"><div class="highlight"><pre class="highlight"><code>| Left aligned | Center aligned | Right aligned |
| :----------- | :------------: | ------------: |
| Left 1       | center 1       | right 1       |
| Left 2       | center 2       | right 2       |
| Left 3       | center 3       | right 3       |
</code></pre></div></div>

<p>That will generate:</p>

<table>
  <thead>
    <tr>
      <th style="text-align: left">Left aligned</th>
      <th style="text-align: center">Center aligned</th>
      <th style="text-align: right">Right aligned</th>
    </tr>
  </thead>
  <tbody>
    <tr>
      <td style="text-align: left">Left 1</td>
      <td style="text-align: center">center 1</td>
      <td style="text-align: right">right 1</td>
    </tr>
    <tr>
      <td style="text-align: left">Left 2</td>
      <td style="text-align: center">center 2</td>
      <td style="text-align: right">right 2</td>
    </tr>
    <tr>
      <td style="text-align: left">Left 3</td>
      <td style="text-align: center">center 3</td>
      <td style="text-align: right">right 3</td>
    </tr>
  </tbody>
</table>

<p></p>

<p>It is also possible to use HTML to display tables. For example, the following HTML code will display a table with <a href="https://bootstrap-table.com/">Bootstrap Table</a>, loaded from a JSON file:</p>

<div class="language-html highlighter-rouge"><div class="highlight"><pre class="highlight"><code><span class="nt">&lt;table</span>
  <span class="na">id=</span><span class="s">"table"</span>
  <span class="na">data-toggle=</span><span class="s">"table"</span>
  <span class="na">data-url=</span><span class="s">"{{ '/assets/json/table_data.json' | relative_url }}"</span><span class="nt">&gt;</span>
  <span class="nt">&lt;thead&gt;</span>
    <span class="nt">&lt;tr&gt;</span>
      <span class="nt">&lt;th</span> <span class="na">data-field=</span><span class="s">"id"</span><span class="nt">&gt;</span>ID<span class="nt">&lt;/th&gt;</span>
      <span class="nt">&lt;th</span> <span class="na">data-field=</span><span class="s">"name"</span><span class="nt">&gt;</span>Item Name<span class="nt">&lt;/th&gt;</span>
      <span class="nt">&lt;th</span> <span class="na">data-field=</span><span class="s">"price"</span><span class="nt">&gt;</span>Item Price<span class="nt">&lt;/th&gt;</span>
    <span class="nt">&lt;/tr&gt;</span>
  <span class="nt">&lt;/thead&gt;</span>
<span class="nt">&lt;/table&gt;</span>
</code></pre></div></div>

<table data-toggle="table" data-url="/assets/json/table_data.json">
  <thead>
    <tr>
      <th data-field="id">ID</th>
      <th data-field="name">Item Name</th>
      <th data-field="price">Item Price</th>
    </tr>
  </thead>
</table>

<p></p>

<p>By using <a href="https://bootstrap-table.com/">Bootstrap Table</a> it is possible to create pretty complex tables, with pagination, search, and more. For example, the following HTML code will display a table, loaded from a JSON file, with pagination, search, checkboxes, and header/content alignment. For more information, check the <a href="https://examples.bootstrap-table.com/index.html">documentation</a>.</p>

<div class="language-html highlighter-rouge"><div class="highlight"><pre class="highlight"><code><span class="nt">&lt;table</span>
  <span class="na">data-click-to-select=</span><span class="s">"true"</span>
  <span class="na">data-height=</span><span class="s">"460"</span>
  <span class="na">data-pagination=</span><span class="s">"true"</span>
  <span class="na">data-search=</span><span class="s">"true"</span>
  <span class="na">data-toggle=</span><span class="s">"table"</span>
  <span class="na">data-url=</span><span class="s">"{{ '/assets/json/table_data.json' | relative_url }}"</span><span class="nt">&gt;</span>
  <span class="nt">&lt;thead&gt;</span>
    <span class="nt">&lt;tr&gt;</span>
      <span class="nt">&lt;th</span> <span class="na">data-checkbox=</span><span class="s">"true"</span><span class="nt">&gt;&lt;/th&gt;</span>
      <span class="nt">&lt;th</span> <span class="na">data-field=</span><span class="s">"id"</span> <span class="na">data-halign=</span><span class="s">"left"</span> <span class="na">data-align=</span><span class="s">"center"</span> <span class="na">data-sortable=</span><span class="s">"true"</span><span class="nt">&gt;</span>ID<span class="nt">&lt;/th&gt;</span>
      <span class="nt">&lt;th</span> <span class="na">data-field=</span><span class="s">"name"</span> <span class="na">data-halign=</span><span class="s">"center"</span> <span class="na">data-align=</span><span class="s">"right"</span> <span class="na">data-sortable=</span><span class="s">"true"</span><span class="nt">&gt;</span>Item Name<span class="nt">&lt;/th&gt;</span>
      <span class="nt">&lt;th</span> <span class="na">data-field=</span><span class="s">"price"</span> <span class="na">data-halign=</span><span class="s">"right"</span> <span class="na">data-align=</span><span class="s">"left"</span> <span class="na">data-sortable=</span><span class="s">"true"</span><span class="nt">&gt;</span>Item Price<span class="nt">&lt;/th&gt;</span>
    <span class="nt">&lt;/tr&gt;</span>
  <span class="nt">&lt;/thead&gt;</span>
<span class="nt">&lt;/table&gt;</span>
</code></pre></div></div>

<table data-click-to-select="true" data-height="460" data-pagination="true" data-search="true" data-toggle="table" data-url="/assets/json/table_data.json">
  <thead>
    <tr>
      <th data-checkbox="true"></th>
      <th data-field="id" data-halign="left" data-align="center" data-sortable="true">ID</th>
      <th data-field="name" data-halign="center" data-align="right" data-sortable="true">Item Name</th>
      <th data-field="price" data-halign="right" data-align="left" data-sortable="true">Item Price</th>
    </tr>
  </thead>
</table>]]></content><author><name></name></author><category term="sample-posts" /><category term="formatting" /><category term="tables" /><summary type="html"><![CDATA[an example of how to use Bootstrap Tables]]></summary></entry><entry><title type="html">a post with table of contents</title><link href="http://localhost:4000/blog/2023/table-of-contents/" rel="alternate" type="text/html" title="a post with table of contents" /><published>2023-03-20T10:59:00-05:00</published><updated>2023-03-20T10:59:00-05:00</updated><id>http://localhost:4000/blog/2023/table-of-contents</id><content type="html" xml:base="http://localhost:4000/blog/2023/table-of-contents/"><![CDATA[<p>This post shows how to add a table of contents in the beginning of the post.</p>

<h2 id="adding-a-table-of-contents">Adding a Table of Contents</h2>

<p>To add a table of contents to a post, simply add</p>
<div class="language-yml highlighter-rouge"><div class="highlight"><pre class="highlight"><code><span class="na">toc</span><span class="pi">:</span>
  <span class="na">beginning</span><span class="pi">:</span> <span class="kc">true</span>
</code></pre></div></div>
<p>to the front matter of the post. The table of contents will be automatically generated from the headings in the post.</p>

<h3 id="example-of-sub-heading-1">Example of Sub-Heading 1</h3>

<p>Jean shorts raw denim Vice normcore, art party High Life PBR skateboard stumptown vinyl kitsch. Four loko meh 8-bit, tousled banh mi tilde forage Schlitz dreamcatcher twee 3 wolf moon. Chambray asymmetrical paleo salvia, sartorial umami four loko master cleanse drinking vinegar brunch. <a href="https://www.pinterest.com">Pinterest</a> DIY authentic Schlitz, hoodie Intelligentsia butcher trust fund brunch shabby chic Kickstarter forage flexitarian. Direct trade <a href="https://en.wikipedia.org/wiki/Cold-pressed_juice">cold-pressed</a> meggings stumptown plaid, pop-up taxidermy. Hoodie XOXO fingerstache scenester Echo Park. Plaid ugh Wes Anderson, freegan pug selvage fanny pack leggings pickled food truck DIY irony Banksy.</p>

<h3 id="example-of-another-sub-heading-1">Example of another Sub-Heading 1</h3>

<p>Jean shorts raw denim Vice normcore, art party High Life PBR skateboard stumptown vinyl kitsch. Four loko meh 8-bit, tousled banh mi tilde forage Schlitz dreamcatcher twee 3 wolf moon. Chambray asymmetrical paleo salvia, sartorial umami four loko master cleanse drinking vinegar brunch. <a href="https://www.pinterest.com">Pinterest</a> DIY authentic Schlitz, hoodie Intelligentsia butcher trust fund brunch shabby chic Kickstarter forage flexitarian. Direct trade <a href="https://en.wikipedia.org/wiki/Cold-pressed_juice">cold-pressed</a> meggings stumptown plaid, pop-up taxidermy. Hoodie XOXO fingerstache scenester Echo Park. Plaid ugh Wes Anderson, freegan pug selvage fanny pack leggings pickled food truck DIY irony Banksy.</p>

<h2 id="table-of-contents-options">Table of Contents Options</h2>

<p>If you want to learn more about how to customize the table of contents, you can check the <a href="https://github.com/toshimaru/jekyll-toc">jekyll-toc</a> repository.</p>

<h3 id="example-of-sub-heading-2">Example of Sub-Heading 2</h3>

<p>Jean shorts raw denim Vice normcore, art party High Life PBR skateboard stumptown vinyl kitsch. Four loko meh 8-bit, tousled banh mi tilde forage Schlitz dreamcatcher twee 3 wolf moon. Chambray asymmetrical paleo salvia, sartorial umami four loko master cleanse drinking vinegar brunch. <a href="https://www.pinterest.com">Pinterest</a> DIY authentic Schlitz, hoodie Intelligentsia butcher trust fund brunch shabby chic Kickstarter forage flexitarian. Direct trade <a href="https://en.wikipedia.org/wiki/Cold-pressed_juice">cold-pressed</a> meggings stumptown plaid, pop-up taxidermy. Hoodie XOXO fingerstache scenester Echo Park. Plaid ugh Wes Anderson, freegan pug selvage fanny pack leggings pickled food truck DIY irony Banksy.</p>

<h3 id="example-of-another-sub-heading-2">Example of another Sub-Heading 2</h3>

<p>Jean shorts raw denim Vice normcore, art party High Life PBR skateboard stumptown vinyl kitsch. Four loko meh 8-bit, tousled banh mi tilde forage Schlitz dreamcatcher twee 3 wolf moon. Chambray asymmetrical paleo salvia, sartorial umami four loko master cleanse drinking vinegar brunch. <a href="https://www.pinterest.com">Pinterest</a> DIY authentic Schlitz, hoodie Intelligentsia butcher trust fund brunch shabby chic Kickstarter forage flexitarian. Direct trade <a href="https://en.wikipedia.org/wiki/Cold-pressed_juice">cold-pressed</a> meggings stumptown plaid, pop-up taxidermy. Hoodie XOXO fingerstache scenester Echo Park. Plaid ugh Wes Anderson, freegan pug selvage fanny pack leggings pickled food truck DIY irony Banksy.</p>]]></content><author><name></name></author><category term="sample-posts" /><category term="formatting" /><category term="toc" /><summary type="html"><![CDATA[an example of a blog post with table of contents]]></summary></entry><entry><title type="html">a post with giscus comments</title><link href="http://localhost:4000/blog/2022/giscus-comments/" rel="alternate" type="text/html" title="a post with giscus comments" /><published>2022-12-10T09:59:00-06:00</published><updated>2022-12-10T09:59:00-06:00</updated><id>http://localhost:4000/blog/2022/giscus-comments</id><content type="html" xml:base="http://localhost:4000/blog/2022/giscus-comments/"><![CDATA[<p>This post shows how to add GISCUS comments.</p>]]></content><author><name></name></author><category term="sample-posts" /><category term="external-services" /><category term="comments" /><summary type="html"><![CDATA[an example of a blog post with giscus comments]]></summary></entry><entry><title type="html">Displaying External Posts on Your al-folio Blog</title><link href="http://localhost:4000/blog/2022/displaying-external-posts-on-your-al-folio-blog/" rel="alternate" type="text/html" title="Displaying External Posts on Your al-folio Blog" /><published>2022-04-23T18:20:09-05:00</published><updated>2022-04-23T18:20:09-05:00</updated><id>http://localhost:4000/blog/2022/displaying-external-posts-on-your-al-folio-blog</id><content type="html" xml:base="http://localhost:4000/blog/2022/displaying-external-posts-on-your-al-folio-blog/"><![CDATA[]]></content><author><name></name></author></entry></feed>